match_id,date,league,season,home_team,away_team,dataset_role,home_open_prob,draw_open_prob,away_open_prob,home_close_prob,draw_close_prob,away_close_prob,home_prob_shift,draw_prob_shift,away_prob_shift,market_gap_close,market_gap_open,odds_move_count,asian_handicap,rank_advantage,points_per_game_gap,xg_gap,shots_gap,home_matches_seen,away_matches_seen,rolling_points_gap,rolling_goal_diff_gap,rolling_goals_for_gap,rolling_goals_against_gap,rolling_xg_gap,rolling_shots_gap,rest_days_gap,home_draw_rate,away_draw_rate,home_win_rate,away_win_rate,target
SAMPLE_0001,2025-08-13,EPL,2025-2026,Arbor City,Northport,history,0.48681106698978516,0.1725818498358436,0.34060708317437116,0.4697183621906814,0.17399866240618264,0.35628297540313586,-0.017092704799103742,0.0014168125703390433,0.0156758922287647,0.11343538678754556,0.146203983815414,2.0,0.11,3.0,0.10999999999999988,-0.7300000000000004,-1.0,0.0,0.0,0.0,0.0,0.0,0.0,0.0,0.0,0.0,0.0,0.0,0.0,0.0,2
SAMPLE_0002,2025-08-17,EPL,2025-2026,Arbor City,Northport,history,0.4980158461434279,0.1715852915284079,0.3303988623281642,0.49390529770276603,0.17135489920300048,0.3347398030942335,-0.0041105484406618875,-0.00023039232540741916,0.004340940766069334,0.15916549460853252,0.16761698381526374,8.0,0.11,1.0,0.10999999999999988,1.0599999999999996,3.0,1.0,1.0,-3.0,-2.0,-1.0,1.0,-0.7300000000000004,-1.0,0.0,0.0,0.0,0.0,1.0,0
SAMPLE_0003,2025-08-19,EPL,2025-2026,Arbor City,Westhaven,history,0.5030387516598802,0.17641289554738854,0.3205483527927312,0.5030754307724068,0.175020997768722,0.3219035714588713,3.667911252658307e-05,-0.001391897778666551,0.001355218666140079,0.18117185931353552,0.18249039886714902,2.0,0.17,1.0,0.16999999999999993,-1.5500000000000003,-5.0,2.0,0.0,1.5,0.0,4.0,4.0,4.4399999999999995,18.0,-5.0,0.0,0.0,0.5,0.0,2
SAMPLE_0004,2025-08-23,EPL,2025-2026,Arbor City,Westhaven,history,0.5074034994144452,0.18181185719420706,0.3107846433913477,0.5046765294828359,0.18510945698184306,0.3102140135353211,-0.0027269699316092577,0.0032975997876359964,-0.0005706298560266276,0.19446251594751485,0.19661885602309748,7.0,0.17,4.0,0.16999999999999993,-1.1399999999999997,-1.0,3.0,1.0,-2.0,-1.3333333333333333,-0.3333333333333335,1.0,-0.5500000000000007,-2.333333333333332,0.0,0.0,0.0,0.3333333333333333,1.0,2
SAMPLE_0005,2025-08-25,EPL,2025-2026,Arbor City,Kingsbridge,history,0.5264996707608418,0.19056144799925986,0.28293888123989835,0.5237578147238359,0.1930144539445247,0.28322773133163953,-0.002741856037005941,0.0024530059452648467,0.00028885009174117737,0.24053008339219634,0.24356078952094345,3.0,0.25,-1.0,0.25,-0.51,-4.0,4.0,0.0,0.75,-0.5,3.75,4.25,4.0175,17.0,-5.0,0.0,0.0,0.25,0.0,2
SAMPLE_0006,2025-08-29,EPL,2025-2026,Arbor City,Kingsbridge,history,0.529048359047352,0.18141514645968446,0.2895364944929634,0.5215530959369143,0.1819371264896213,0.29650977757346436,-0.007495263110437689,0.000521980029936836,0.006973283080500936,0.22504331836344998,0.2395118645543886,2.0,0.25,3.0,0.25,6.18,14.0,5.0,1.0,-2.4,-1.6,1.2000000000000002,2.8,1.7600000000000002,0.8000000000000007,0.0,0.0,0.0,0.2,1.0,0
SAMPLE_0007,2025-08-31,EPL,2025-2026,Arbor City,Lake Albion,history,0.5537918827096358,0.1953337222315413,0.2508743950588229,0.5306509750609646,0.20596969012882563,0.2633793348102098,-0.02314090764867116,0.010635967897284326,0.01250493975138689,0.2672716402507548,0.30291748765081283,4.0,0.35,0.0,0.34999999999999987,-0.6000000000000001,3.0,5.0,0.0,1.2,0.8,4.0,3.2,4.202,18.0,-5.0,0.0,0.0,0.4,0.0,1
SAMPLE_0008,2025-09-04,EPL,2025-2026,Arbor City,Lake Albion,history,0.5515156675749319,0.19976158038147138,0.24872275204359673,0.5630929250571886,0.19769337408319437,0.23921370085961707,0.011577257482256686,-0.0020682062982770033,-0.009509051183979655,0.3238792241975715,0.30279291553133514,2.0,0.35,8.0,0.34999999999999987,-1.7400000000000002,-2.0,5.0,1.0,-0.19999999999999996,0.6,1.4,0.7999999999999998,1.0859999999999999,4.600000000000001,0.0,0.2,1.0,0.2,0.0,2
SAMPLE_0009,2025-09-06,EPL,2025-2026,Arbor City,Southford,history,0.5818902135209693,0.18927655644269448,0.22883323003633624,0.5721751885106413,0.19719031920423238,0.2306344922851264,-0.009715025010327949,0.007913762761537907,0.001801262248790153,0.3415406962255149,0.353056983484633,7.0,0.42,3.0,0.41999999999999993,0.1900000000000004,4.0,5.0,0.0,0.8,0.4,3.2,2.8,3.317999999999999,16.4,-5.0,0.2,0.0,0.2,0.0,1
SAMPLE_0010,2025-09-10,EPL,2025-2026,Arbor City,Southford,history,0.5638390921553541,0.2027162158436735,0.23344469200097243,0.5910352329995782,0.19135048731212398,0.21761427968829786,0.02719614084422406,-0.011365728531549518,-0.01583041231267457,0.37342095331128033,0.3303944001543817,3.0,0.42,-7.0,0.41999999999999993,3.4499999999999997,9.0,5.0,1.0,0.0,0.6,-0.7999999999999998,-1.4,-0.694,1.6000000000000014,0.0,0.4,1.0,0.2,0.0,0
SAMPLE_0011,2025-09-12,EPL,2025-2026,Northport,Arbor City,history,0.39892488805593274,0.17944718147844727,0.42162793046562,0.4136168472704968,0.17102841954610506,0.41535473318339805,0.014691959214564065,-0.0084187619323422,-0.006273197282221976,-0.0017378859129012492,-0.02270304240968729,8.0,-0.11,-2.0,-0.10999999999999988,3.63,10.0,2.0,5.0,-0.10000000000000009,-1.6,-0.40000000000000036,1.2000000000000002,-0.21300000000000008,-2.6000000000000014,24.0,0.0,0.4,0.5,0.4,0
SAMPLE_0012,2025-09-16,EPL,2025-2026,Northport,Arbor City,history,0.39905594810610445,0.1750608131588092,0.42588323873508627,0.41519959350366686,0.18223045842243554,0.4025699480738975,0.01614364539756241,0.007169645263626345,-0.023313290661188757,0.012629645429769354,-0.026827290628981815,8.0,-0.11,4.0,-0.10999999999999988,0.8300000000000001,3.0,3.0,5.0,1.0,1.7333333333333334,1.0,-0.7333333333333334,1.0786666666666664,1.0,0.0,0.0,0.4,0.6666666666666666,0.2,0
SAMPLE_0013,2025-09-18,EPL,2025-2026,Northport,Westhaven,history,0.46346968441783765,0.19333823092673932,0.343192084655423,0.4675654690477871,0.19312486765017295,0.3393096633020399,0.004095784629949473,-0.0002133632765663751,-0.0038824213533831253,0.12825580574574724,0.12027759976241464,10.0,0.06,-5.0,0.06000000000000005,-0.9700000000000001,-5.0,4.0,2.0,-0.75,0.25,0.0,-0.25,-0.29249999999999954,-0.75,-24.0,0.0,0.0,0.75,1.0,2
SAMPLE_0014,2025-09-22,EPL,2025-2026,Northport,Westhaven,history,0.4634490749121982,0.19823310040189726,0.33831782468590466,0.45788943211733735,0.20060774727341107,0.3415028206092516,-0.005559642794860875,0.0023746468715138136,0.0031849959233469227,0.11638661150808577,0.12513125022629357,8.0,0.06,-3.0,0.06000000000000005,-0.9900000000000002,0.0,5.0,3.0,-1.2,-0.7333333333333333,-0.06666666666666643,0.6666666666666665,-0.01066666666666638,-1.0666666666666664,0.0,0.0,0.0,0.6,1.0,2
SAMPLE_0015,2025-09-24,EPL,2025-2026,Northport,Kingsbridge,history,0.4906315020120358,0.19887930865497436,0.3104891893329898,0.47974017939993807,0.20043303433343646,0.3198267862666254,-0.010891322612097742,0.0015537256784620979,0.009337596933635617,0.15991339313331265,0.180142312679046,2.0,0.14,-7.0,0.14000000000000012,1.6599999999999997,-1.0,5.0,2.0,-0.30000000000000004,2.7,1.5,-1.2000000000000002,1.909,2.8000000000000007,-24.0,0.0,0.0,0.4,0.5,0
SAMPLE_0016,2025-09-28,EPL,2025-2026,Northport,Kingsbridge,history,0.47892395678881594,0.20525312433806397,0.31582291887312014,0.5092869982025164,0.1986219292989814,0.292091072498502,0.030363041413700498,-0.006631195039082577,-0.023731846374618115,0.21719592570401441,0.1631010379156958,9.0,0.14,0.0,0.14000000000000012,-0.6399999999999997,0.0,5.0,3.0,0.8,2.6,1.0,-1.6,1.4666666666666661,0.8666666666666654,0.0,0.0,0.0,0.6,0.3333333333333333,2
SAMPLE_0017,2025-09-30,EPL,2025-2026,Northport,Lake Albion,history,0.5093582301888004,0.20985980912540642,0.2807819606857931,0.5036988581968662,0.21676853149012748,0.2795326103130062,-0.005659371991934226,0.006908722364721065,-0.0012493503727868949,0.22416624788386003,0.22857626950300736,7.0,0.24,5.0,0.24,0.69,2.0,5.0,2.0,-0.8,-1.4,0.20000000000000018,1.6,0.40200000000000014,2.3000000000000007,-24.0,0.0,0.5,0.4,0.5,1
SAMPLE_0018,2025-10-04,EPL,2025-2026,Northport,Lake Albion,history,0.5148283858076638,0.21123886345510332,0.27393275073723283,0.5462303005649988,0.19740561170316176,0.25636408773183944,0.031401914757335,-0.013833251751941555,-0.017568663005393392,0.28986621283315933,0.24089563507043094,3.0,0.24,-1.0,0.24,0.09999999999999964,-5.0,5.0,3.0,-0.8666666666666667,-1.2666666666666666,-0.5333333333333337,0.7333333333333334,-0.0986666666666669,0.40000000000000036,0.0,0.2,0.6666666666666666,0.2,0.3333333333333333,2
SAMPLE_0019,2025-10-06,EPL,2025-2026,Northport,Southford,history,0.5240157038698823,0.22425126191811556,0.2517330342120022,0.5348218480757977,0.21884395096318204,0.2463342009610202,0.010806144205915413,-0.00540731095493352,-0.005398833250982005,0.2884876471147775,0.27228266965788006,10.0,0.31,-1.0,0.31000000000000005,0.7199999999999998,8.0,5.0,2.0,0.30000000000000004,1.6,0.5,-1.0999999999999996,0.5860000000000003,1.3999999999999986,-24.0,0.2,0.5,0.2,0.0,0
SAMPLE_0020,2025-10-10,EPL,2025-2026,Northport,Southford,history,0.5144735278976755,0.2308240605076624,0.25470241159466206,0.4910425768425406,0.24157037113633037,0.267387052021129,-0.02343095105513493,0.01074631062866796,0.012684640426466942,0.2236555248214116,0.25977111630301347,8.0,0.31,-4.0,0.31000000000000005,-0.3700000000000001,0.0,5.0,3.0,1.0666666666666667,1.6666666666666667,1.1333333333333333,-0.5333333333333332,1.2226666666666661,4.133333333333335,0.0,0.2,0.3333333333333333,0.4,0.0,1
SAMPLE_0021,2025-10-12,EPL,2025-2026,Westhaven,Arbor City,history,0.3792305665952743,0.18157505927088224,0.4391943741338434,0.37278486823983104,0.18372968506105955,0.44348544669910933,-0.006445698355443286,0.002154625790177306,0.004291072565265952,-0.0707005784592783,-0.05996380753856906,9.0,-0.17,1.0,-0.16999999999999993,-1.2800000000000002,-4.0,4.0,5.0,2.2,1.85,-0.3500000000000001,-2.2,-0.3495000000000008,-0.8000000000000007,-6.0,0.0,0.2,1.0,0.2,2
SAMPLE_0022,2025-10-16,EPL,2025-2026,Westhaven,Arbor City,history,0.3745277078085642,0.18692275398824515,0.4385495382031906,0.3660182055345947,0.18627712245957054,0.44770467200583475,-0.008509502273969516,-0.0006456315286746117,0.009155133802644155,-0.08168646647124006,-0.06402183039462639,2.0,-0.17,0.0,-0.16999999999999993,0.56,3.0,5.0,5.0,1.0,0.8,-0.7999999999999998,-1.6,-0.8660000000000005,-2.1999999999999993,0.0,0.0,0.2,0.8,0.4,0
SAMPLE_0023,2025-10-18,EPL,2025-2026,Westhaven,Northport,history,0.4167982055329401,0.19514829276397774,0.3880535017030822,0.4328798954349614,0.18516725565183711,0.3819528489132013,0.0160816899020213,-0.009981037112140628,-0.006100652789880923,0.05092704652176011,0.028744703829857887,8.0,-0.06,2.0,-0.06000000000000005,-2.33,1.0,5.0,5.0,1.4,1.0,-2.2,-3.1999999999999997,-2.3659999999999997,-5.800000000000001,-6.0,0.0,0.4,0.8,0.2,2
SAMPLE_0024,2025-10-22,EPL,2025-2026,Westhaven,Northport,history,0.41913879591185876,0.2002461945652401,0.38061500952290117,0.400725038680023,0.20732492348696172,0.39195003783301524,-0.018413757231835748,0.007078728921721622,0.01133502831011407,0.008775000847007774,0.03852378638895759,7.0,-0.06,2.0,-0.06000000000000005,-0.34999999999999987,0.0,5.0,5.0,0.19999999999999996,-0.2,-2.6,-2.4,-2.8180000000000005,-5.4,0.0,0.0,0.4,0.6,0.4,1
SAMPLE_0025,2025-10-24,EPL,2025-2026,Westhaven,Kingsbridge,history,0.4623798475306596,0.20881670533642693,0.3288034471329135,0.4723753458598784,0.2025818116513306,0.32504284248879095,0.00999549832921881,-0.006234893685096332,-0.003760604644122534,0.14733250337108744,0.1335764003977461,6.0,0.08,0.0,0.08000000000000007,1.29,5.0,5.0,4.0,-0.10000000000000009,1.05,-0.3999999999999999,-1.4500000000000002,-0.2134999999999998,-0.5500000000000007,-24.0,0.2,0.0,0.4,0.5,0
SAMPLE_0026,2025-10-28,EPL,2025-2026,Westhaven,Kingsbridge,history,0.45438085064006234,0.21673396222998786,0.32888518712994985,0.4519988605070744,0.22030196562529675,0.3276991738676289,-0.0023819901329879545,0.003568003395308883,-0.0011860132623209285,0.12429968663944546,0.1254956635101125,6.0,0.08,-3.0,0.08000000000000007,2.8300000000000005,10.0,5.0,5.0,0.19999999999999996,1.0,0.0,-1.0,0.19600000000000017,1.4000000000000004,0.0,0.2,0.0,0.4,0.4,0
SAMPLE_0027,2025-10-30,EPL,2025-2026,Westhaven,Lake Albion,history,0.4996052786981035,0.2281302642457094,0.27226445705618724,0.4954337899543379,0.23287671232876714,0.271689497716895,-0.004171488743765606,0.004746448083057742,-0.000574959339292247,0.2237442922374429,0.22734082164191627,3.0,0.18,0.0,0.17999999999999994,-0.94,-2.0,5.0,4.0,0.0,-0.35,-1.0499999999999998,-0.7000000000000002,-0.7494999999999994,0.5,-24.0,0.2,0.5,0.6,0.5,2
SAMPLE_0028,2025-11-03,EPL,2025-2026,Westhaven,Lake Albion,history,0.47456466709306616,0.23674182709198519,0.28869350581494857,0.4798527590318212,0.23938232876870896,0.28076491219946986,0.005288091938755013,0.0026405016767237777,-0.007928593615478707,0.1990878468323513,0.1858711612781176,3.0,0.18,-7.0,0.17999999999999994,-0.15000000000000002,6.0,5.0,5.0,-0.8000000000000003,-0.8,-1.2000000000000002,-0.40000000000000036,-0.9419999999999993,-0.1999999999999993,0.0,0.2,0.4,0.4,0.6,1
SAMPLE_0029,2025-11-05,EPL,2025-2026,Westhaven,Southford,history,0.5023377188213547,0.23801239534630855,0.25964988583233656,0.5036128735950374,0.2373486509526851,0.25903847545227765,0.001275154773682674,-0.000663744393623461,-0.0006114103800589077,0.24457439814275972,0.24268783298901814,7.0,0.25,6.0,0.25,3.0100000000000002,5.0,5.0,4.0,1.1,1.65,-1.9,-3.55,-1.9885000000000006,-1.3999999999999986,-24.0,0.4,0.5,0.4,0.0,0
SAMPLE_0030,2025-11-09,EPL,2025-2026,Westhaven,Southford,history,0.49845369766648917,0.23544471894384855,0.26610158338966217,0.5126763494729957,0.2290186867260321,0.2583049638009723,0.014222651806506503,-0.0064260322178164575,-0.007796619588689879,0.2543713856720234,0.232352114276827,9.0,0.25,-2.0,0.25,3.64,10.0,5.0,5.0,1.6,2.6,-0.8000000000000003,-3.4000000000000004,-0.8199999999999998,0.3999999999999986,0.0,0.2,0.4,0.6,0.0,0
SAMPLE_0031,2025-11-11,EPL,2025-2026,Kingsbridge,Arbor City,history,0.33891052173760755,0.196995790837921,0.4640936874244715,0.3541972146529644,0.19294789903274326,0.4528548863142924,0.015286692915356836,-0.004047891805177728,-0.011238801110179109,-0.098657671661328,-0.12518316568686394,6.0,-0.25,-7.0,-0.25,-3.05,-10.0,5.0,5.0,-0.6,-1.6,-0.7999999999999998,0.7999999999999998,-1.214,-2.799999999999999,-12.0,0.0,0.0,0.2,0.4,2
SAMPLE_0032,2025-11-15,EPL,2025-2026,Kingsbridge,Arbor City,history,0.347345965616765,0.19676245451123103,0.455891579872004,0.34737721118984466,0.20361119705384956,0.4490115917563058,3.124557307965237e-05,0.0068487425426185244,-0.006879988115698232,-0.10163438056646112,-0.10854561425523901,6.0,-0.25,7.0,-0.25,-0.4299999999999997,-2.0,5.0,5.0,-0.6,-1.2,-0.40000000000000036,0.8000000000000003,-0.6140000000000003,-1.8000000000000007,0.0,0.0,0.0,0.2,0.4,2
SAMPLE_0033,2025-11-17,EPL,2025-2026,Kingsbridge,Northport,history,0.3777577086827506,0.2051348213133789,0.41710747000387044,0.36454928615456383,0.20345178003231879,0.43199893381311744,-0.01320842252818677,-0.0016830412810601159,0.014891463809246996,-0.0674496476585536,-0.039349761321119836,5.0,-0.14,-4.0,-0.14000000000000012,-1.62,-2.0,5.0,5.0,-1.0,-1.7999999999999998,-1.4,0.39999999999999947,-1.3840000000000003,-4.400000000000002,-24.0,0.0,0.4,0.2,0.4,2
SAMPLE_0034,2025-11-21,EPL,2025-2026,Kingsbridge,Northport,history,0.39935894711920794,0.2028240321983379,0.3978170206824543,0.3988194176720787,0.20547694135640568,0.3957036409715156,-0.0005395294471292611,0.00265290915806779,-0.0021133797109386676,0.0031157767005630665,0.00154192643675366,9.0,-0.14,1.0,-0.14000000000000012,1.2699999999999996,7.0,5.0,5.0,-2.2,-2.6,-1.6,1.0,-1.5920000000000005,-4.800000000000001,0.0,0.0,0.4,0.0,0.6,0
SAMPLE_0035,2025-11-23,EPL,2025-2026,Kingsbridge,Westhaven,history,0.3898056927314688,0.22612105119487802,0.3840732560736531,0.4024360818378097,0.22146910713558265,0.37609481102660763,0.0126303891063409,-0.004651944059295365,-0.00797844504704548,0.026341270811202078,0.005732436657815698,4.0,-0.08,4.0,-0.08000000000000007,1.46,2.0,5.0,5.0,-1.4,-3.0,-0.6000000000000001,2.4000000000000004,-0.5699999999999994,-3.1999999999999993,-12.0,0.0,0.2,0.2,0.6,0
SAMPLE_0036,2025-11-27,EPL,2025-2026,Kingsbridge,Westhaven,history,0.3871314826769959,0.22121799010114052,0.39165052722186355,0.39387299158377964,0.23047589900535578,0.3756511094108646,0.006741508906783766,0.009257908904215267,-0.01599941781099895,0.018221882172915038,-0.004519044544867679,10.0,-0.08,5.0,-0.08000000000000007,-0.8300000000000005,0.0,5.0,5.0,-0.19999999999999996,-1.8,0.0,1.8000000000000003,0.28799999999999937,-0.8000000000000007,0.0,0.0,0.2,0.4,0.4,2
SAMPLE_0037,2025-11-29,EPL,2025-2026,Kingsbridge,Lake Albion,history,0.44488861251764344,0.24679952227256127,0.3083118652097954,0.43899282349074176,0.23678371863701103,0.32422345787224716,-0.005895789026901688,-0.010015803635550241,0.015911592662451735,0.1147693656184946,0.13657674730784802,8.0,0.1,2.0,0.09999999999999987,-0.41000000000000014,-3.0,5.0,5.0,-1.0000000000000002,-1.0,0.20000000000000018,1.2000000000000002,0.6360000000000001,2.0,-24.0,0.0,0.4,0.4,0.6,1
SAMPLE_0038,2025-12-03,EPL,2025-2026,Kingsbridge,Lake Albion,history,0.43219500164967556,0.2514005578902816,0.31640444046004285,0.4279895683769449,0.2565808108926461,0.3154296207304089,-0.004205433272730652,0.005180253002364521,-0.0009748197296339245,0.11255994764653598,0.11579056118963271,6.0,0.1,-1.0,0.09999999999999987,0.5199999999999999,1.0,5.0,5.0,-0.40000000000000013,-0.4,-0.20000000000000018,0.20000000000000018,0.015999999999999126,-0.1999999999999993,0.0,0.2,0.6,0.4,0.4,1
SAMPLE_0039,2025-12-05,EPL,2025-2026,Kingsbridge,Southford,history,0.46380641697980757,0.25605979270760215,0.28013379031259034,0.4503703414811709,0.26485509719229483,0.2847745613265343,-0.01343607549863668,0.008795304484692679,0.004640771013943945,0.1655957801546366,0.18367262666721723,6.0,0.17,4.0,0.16999999999999993,0.10999999999999988,0.0,5.0,5.0,1.4000000000000001,2.6,0.7999999999999998,-1.7999999999999998,0.6079999999999997,2.0,-24.0,0.4,0.2,0.4,0.0,1
SAMPLE_0040,2025-12-09,EPL,2025-2026,Kingsbridge,Southford,history,0.4621087732958681,0.2649423633562977,0.27294886334783414,0.43927088284375115,0.27170160873441834,0.2890275084218305,-0.022837890452116927,0.006759245378120615,0.016078645073996367,0.15024337442192065,0.18915990994803394,2.0,0.17,-4.0,0.16999999999999993,0.74,5.0,5.0,5.0,0.7999999999999999,1.6,0.6000000000000001,-0.9999999999999996,0.5299999999999998,1.4000000000000004,0.0,0.6,0.4,0.2,0.0,0
SAMPLE_0041,2025-12-11,EPL,2025-2026,Lake Albion,Arbor City,history,0.30434782608695654,0.2028985507246377,0.49275362318840576,0.30146590735603773,0.20847339964338904,0.49006069300057326,-0.002881918730918809,0.005574848918751346,-0.0026929301878325096,-0.18859478564453552,-0.18840579710144922,8.0,-0.35,4.0,-0.34999999999999987,-1.0199999999999996,-1.0,5.0,5.0,0.0,-0.4,-0.9999999999999996,-0.5999999999999996,-1.2639999999999993,-3.0,-18.0,0.6,0.0,0.4,0.6,2
SAMPLE_0042,2025-12-15,EPL,2025-2026,Lake Albion,Arbor City,history,0.30899134047317167,0.20289190428660064,0.48811675524022774,0.29852216748768473,0.20394088669950738,0.4975369458128079,-0.01046917298548694,0.0010489824129067404,0.009420190572580145,-0.19901477832512315,-0.17912541476705607,4.0,-0.35,3.0,-0.34999999999999987,-0.9300000000000002,-4.0,5.0,5.0,-1.2,-1.2,-1.6,-0.3999999999999999,-1.7619999999999991,-4.400000000000002,0.0,0.6,0.0,0.2,0.8,2
SAMPLE_0043,2025-12-17,EPL,2025-2026,Lake Albion,Northport,history,0.33562692519501586,0.22208505050138283,0.4422880243036014,0.32744709140229394,0.2199482622594242,0.4526046463382818,-0.008179833792721913,-0.0021367882419586204,0.010316622034680367,-0.12515755493598785,-0.10666109910858557,6.0,-0.24,3.0,-0.24,1.0599999999999996,6.0,5.0,5.0,-1.0,-0.8,-0.3999999999999999,0.3999999999999999,-0.46399999999999997,-0.5999999999999996,-24.0,0.6,0.4,0.0,0.4,0
SAMPLE_0044,2025-12-21,EPL,2025-2026,Lake Albion,Northport,history,0.33272355262067604,0.22699140145455005,0.44028504592477385,0.32588293124383516,0.22907870450246917,0.44503836425369564,-0.006840621376840883,0.0020873030479191257,0.004753318328921785,-0.11915543300986048,-0.10756149330409781,8.0,-0.24,-5.0,-0.24,-0.7199999999999998,1.0,5.0,5.0,-0.3999999999999999,-0.4,1.0,1.4000000000000004,0.9259999999999993,3.8000000000000007,0.0,0.4,0.2,0.2,0.4,2
SAMPLE_0045,2025-12-23,EPL,2025-2026,Lake Albion,Westhaven,history,0.35128894683943174,0.23695433678320157,0.4117567163773667,0.34150852649621205,0.2333771251682543,0.42511434833553363,-0.009780420343219687,-0.0035772116149472843,0.013357631958166916,-0.08360582183932158,-0.06046776953793498,3.0,-0.18,0.0,-0.17999999999999994,-0.4399999999999995,-2.0,5.0,5.0,-1.2,-1.7999999999999998,-0.5999999999999996,1.2000000000000002,-0.4679999999999991,-1.3999999999999986,-24.0,0.2,0.2,0.2,0.6,2
SAMPLE_0046,2025-12-27,EPL,2025-2026,Lake Albion,Westhaven,history,0.35103932108969266,0.2356401879498627,0.41332049096044465,0.3489736070381232,0.24594330400782013,0.40508308895405676,-0.002065714051569467,0.010303116057957445,-0.008237402006387895,-0.05610948191593357,-0.062281169870751996,5.0,-0.18,-4.0,-0.17999999999999994,3.59,8.0,5.0,5.0,-1.7999999999999998,-2.2,-0.7999999999999998,1.3999999999999995,-0.5499999999999989,-0.6000000000000014,0.0,0.0,0.0,0.2,0.8,0
SAMPLE_0047,2025-12-29,EPL,2025-2026,Lake Albion,Kingsbridge,history,0.3708443554729392,0.2555944805891185,0.37356116393794236,0.3559150657229525,0.2558139534883721,0.38827098078867545,-0.014929289749986696,0.00021947289925361435,0.014709816850733082,-0.03235591506572294,-0.002716808465003162,4.0,-0.1,-1.0,-0.09999999999999987,0.98,1.0,5.0,5.0,0.0,0.4,1.0,0.6000000000000001,1.0219999999999994,3.3999999999999986,-18.0,0.0,0.6,0.4,0.2,0
SAMPLE_0048,2026-01-02,EPL,2025-2026,Lake Albion,Kingsbridge,history,0.362310359457522,0.2586572644946089,0.37903237604786916,0.36609716869480774,0.2563651260886718,0.37753770521652047,0.0037868092372857487,-0.0022921384059371164,-0.0014946708313486878,-0.01144053652171273,-0.016722016590347166,10.0,-0.1,2.0,-0.09999999999999987,-1.4,-1.0,5.0,5.0,0.6000000000000001,0.8,1.4,0.6000000000000001,1.4399999999999995,4.6,0.0,0.0,0.6,0.6,0.2,2
SAMPLE_0049,2026-01-04,EPL,2025-2026,Lake Albion,Southford,history,0.42387712219712137,0.26209196105318194,0.31403091674969663,0.4330300802973359,0.2527840570263636,0.31418586267630044,0.009152958100214548,-0.009307904026818359,0.00015494592660381112,0.11884421762103548,0.10984620544742474,7.0,0.07,4.0,0.07000000000000006,-0.6399999999999997,-3.0,5.0,5.0,0.7999999999999999,2.0,1.0,-1.0,0.7159999999999997,3.1999999999999993,-24.0,0.0,0.4,0.4,0.0,2
SAMPLE_0050,2026-01-08,EPL,2025-2026,Lake Albion,Southford,history,0.41891602473315137,0.27139452139970294,0.3096894538671457,0.42458781580471155,0.26221314722823275,0.31319903696705576,0.005671791071560184,-0.009181374171470191,0.003509583099910063,0.1113887788376558,0.10922657086600568,8.0,0.07,1.0,0.07000000000000006,-1.0899999999999999,1.0,5.0,5.0,0.3999999999999999,1.7999999999999998,1.7999999999999998,0.0,1.6839999999999997,4.200000000000001,0.0,0.0,0.2,0.4,0.2,2
SAMPLE_0051,2026-01-10,EPL,2025-2026,Southford,Arbor City,history,0.27641248914326433,0.2092677549384228,0.5143197559183128,0.2803320410056371,0.2155967303316446,0.5040712286627184,0.00391955186237275,0.006328975393221775,-0.010248527255594442,-0.22373918765708128,-0.23790726677504848,10.0,-0.42,1.0,-0.41999999999999993,-0.020000000000000018,2.0,5.0,5.0,-1.0,-1.7999999999999998,-2.4,-0.6000000000000001,-2.356,-6.6,-24.0,0.2,0.0,0.4,0.8,2
SAMPLE_0052,2026-01-14,EPL,2025-2026,Southford,Arbor City,history,0.2779698888120445,0.22062031175187527,0.5014097994360802,0.28866206274608747,0.2276686143415794,0.4836693229123331,0.010692173934042981,0.007048302589704125,-0.017740476523747106,-0.19500726016624564,-0.22343991062403573,9.0,-0.42,7.0,-0.41999999999999993,-1.27,3.0,5.0,5.0,-1.6,-1.6,-2.4,-0.7999999999999998,-2.1100000000000003,-5.4,0.0,0.2,0.0,0.4,1.0,2
SAMPLE_0053,2026-01-16,EPL,2025-2026,Southford,Northport,history,0.3084761214392661,0.23365124987733885,0.457872628683395,0.29693791005781023,0.23325891769110035,0.4698031722510895,-0.011538211381455887,-0.0003923321862384921,0.011930543567694463,-0.17286526219327925,-0.1493965072441289,8.0,-0.31,-2.0,-0.31000000000000005,-1.56,-1.0,5.0,5.0,-0.19999999999999996,-0.2,0.0,0.20000000000000018,0.0519999999999996,1.0,-24.0,0.0,0.2,0.4,0.4,2
SAMPLE_0054,2026-01-20,EPL,2025-2026,Southford,Northport,history,0.30783690206887626,0.2283735802766934,0.46378951765443027,0.31387539975647594,0.23067136059689292,0.4554532396466311,0.006038497687599675,0.002297780320199505,-0.00833627800779918,-0.14157783989015515,-0.155952615585554,10.0,-0.31,-1.0,-0.31000000000000005,-0.20999999999999996,-1.0,5.0,5.0,-0.6000000000000001,-0.4,0.0,0.3999999999999999,-0.14800000000000013,1.8000000000000007,0.0,0.0,0.0,0.4,0.6,1
SAMPLE_0055,2026-01-22,EPL,2025-2026,Southford,Westhaven,history,0.3211581697560087,0.2488392598593772,0.43000257038461415,0.32419086622385157,0.2606398031179353,0.41516933065821315,0.003032696467842877,0.011800543258558088,-0.014833239726400993,-0.09097846443436158,-0.10884440062860545,3.0,-0.25,1.0,-0.25,0.0,6.0,5.0,5.0,-1.0,-0.6000000000000001,-1.6000000000000005,-1.0,-1.6340000000000003,-3.4000000000000004,-24.0,0.2,0.0,0.2,0.6,1
SAMPLE_0056,2026-01-26,EPL,2025-2026,Southford,Westhaven,history,0.32464129625941957,0.23817509144456206,0.4371836122960183,0.3307952651508696,0.2426899887184346,0.42651474613069573,0.0061539688914500346,0.0045148972738725535,-0.010668866165322588,-0.09571948097982613,-0.11254231603659876,3.0,-0.25,2.0,-0.25,1.21,6.0,5.0,5.0,-0.9999999999999999,0.0,-1.2000000000000002,-1.2000000000000002,-1.2780000000000005,-0.8000000000000007,0.0,0.4,0.2,0.0,0.4,0
SAMPLE_0057,2026-01-28,EPL,2025-2026,Southford,Kingsbridge,history,0.3469890779429838,0.2618108805151195,0.39120004154189675,0.3492927488218508,0.25191957843417373,0.3987876727439754,0.0023036708788670146,-0.009891302080945796,0.007587631202078671,-0.04949492392212462,-0.04421096359891297,10.0,-0.17,-4.0,-0.16999999999999993,1.1399999999999997,2.0,5.0,5.0,-0.6000000000000001,-0.4,0.6000000000000001,0.9999999999999998,0.2280000000000002,2.9999999999999982,-24.0,0.4,0.4,0.2,0.4,1
SAMPLE_0058,2026-02-01,EPL,2025-2026,Southford,Kingsbridge,history,0.34570867957041357,0.2511922671755468,0.4030990532540396,0.3472114876133913,0.2571289102225115,0.39565960216409707,0.0015028080429777546,0.005936643046964674,-0.007439451089942539,-0.048448114550705745,-0.05739037368362604,4.0,-0.17,6.0,-0.16999999999999993,-0.96,2.0,5.0,5.0,-0.40000000000000013,-0.2,0.20000000000000018,0.3999999999999999,0.15799999999999992,1.799999999999999,0.0,0.6,0.4,0.2,0.4,2
SAMPLE_0059,2026-02-03,EPL,2025-2026,Southford,Lake Albion,history,0.3703334992533599,0.2747635639621702,0.3549029367844699,0.3621054591948198,0.2718244232980084,0.36607011750717183,-0.00822804005854011,-0.0029391406641618434,0.011167180722701953,-0.003964658312352043,0.015430562468890019,8.0,-0.07,-2.0,-0.07000000000000006,0.10000000000000009,1.0,5.0,5.0,0.0,-0.4,0.20000000000000018,0.6000000000000001,0.39000000000000057,1.6000000000000014,-24.0,0.6,0.0,0.2,0.4,1
SAMPLE_0060,2026-02-07,EPL,2025-2026,Southford,Lake Albion,history,0.36805670631283843,0.2765345841548331,0.3554087095323285,0.3724040332566778,0.2646028657350079,0.36299310100831417,0.00434732694383938,-0.01193171841982521,0.007584391475985663,0.009410932248363646,0.01264799678050993,6.0,-0.07,-1.0,-0.07000000000000006,-0.8600000000000003,-3.0,5.0,5.0,0.3999999999999999,0.4,0.6000000000000001,0.20000000000000018,0.7160000000000002,3.0,0.0,0.6,0.2,0.2,0.2,2
SAMPLE_0061,2026-02-09,SERIEA,2025-2026,Torino Bay,Roma Nova,history,0.47109707538102424,0.18042015652890292,0.3484827680900727,0.47156665265842596,0.17924558378135552,0.34918776356021847,0.0004695772774017115,-0.0011745727475473977,0.0007049954701457417,0.12237888909820749,0.12261430729095152,8.0,0.08,-4.0,0.08999999999999986,-0.4400000000000004,-1.0,0.0,0.0,0.0,0.0,0.0,0.0,0.0,0.0,0.0,0.0,0.0,0.0,0.0,2
SAMPLE_0062,2026-02-13,SERIEA,2025-2026,Torino Bay,Roma Nova,history,0.45433881291824263,0.1917551643875473,0.35390602269421007,0.46388682504877704,0.19137536318552212,0.34473781176570073,0.009548012130534411,-0.0003798012020251873,-0.009168210928509335,0.11914901328307631,0.10043279022403256,9.0,0.08,-6.0,0.08999999999999986,-0.4299999999999997,-3.0,1.0,1.0,-3.0,-2.0,-1.0,1.0,-0.4400000000000004,-1.0,0.0,0.0,0.0,0.0,1.0,1
SAMPLE_0063,2026-02-15,SERIEA,2025-2026,Torino Bay,Milano Blue,history,0.5042638982226033,0.18791856881329225,0.30781753296410447,0.518067198170599,0.1812250274969396,0.30070777433246126,0.013803299947995673,-0.006693541316352636,-0.007109758631643204,0.21735942383813772,0.19644636525849885,5.0,0.17,-4.0,0.16999999999999993,0.9900000000000002,3.0,2.0,0.0,0.5,-0.5,3.0,3.5,3.105,14.5,-5.0,0.5,0.0,0.0,0.0,0
SAMPLE_0064,2026-02-19,SERIEA,2025-2026,Torino Bay,Milano Blue,history,0.5057610741908413,0.18167229921295563,0.3125666265962031,0.491250698159163,0.18178049300113433,0.32696880883970264,-0.014510376031678263,0.0001081937881786954,0.01440218224349954,0.16428188931946036,0.19319444759463816,7.0,0.17,3.0,0.16999999999999993,1.9299999999999997,6.0,3.0,1.0,1.3333333333333333,1.0,-0.3333333333333335,-1.3333333333333335,-0.32666666666666666,-2.0,0.0,0.3333333333333333,0.0,0.3333333333333333,0.0,0
SAMPLE_0065,2026-02-21,SERIEA,2025-2026,Torino Bay,Verona East,history,0.5387764828213683,0.19039469693687447,0.27082882024175725,0.5572886126421953,0.1847074000234549,0.2580039873343497,0.01851212982082706,-0.0056872969134195706,-0.012824832907407546,0.2992846253078456,0.267947662579611,2.0,0.29,4.0,0.2899999999999998,1.01,7.0,4.0,0.0,1.75,0.5,3.75,3.25,3.8999999999999995,18.0,-5.0,0.25,0.0,0.5,0.0,0
SAMPLE_0066,2026-02-25,SERIEA,2025-2026,Torino Bay,Verona East,history,0.5275705306592458,0.20358530851165915,0.2688441608290951,0.5465515722716462,0.19290055491940458,0.26054787280894914,0.01898104161240044,-0.01068475359225457,-0.008296288020145981,0.28600369946269705,0.2587263698301506,2.0,0.29,7.0,0.2899999999999998,0.8899999999999997,5.0,5.0,1.0,2.0,1.6,1.6,0.0,1.7299999999999998,6.199999999999999,0.0,0.2,0.0,0.6,0.0,0
SAMPLE_0067,2026-02-27,SERIEA,2025-2026,Torino Bay,Lazio Harbor,history,0.5414709120439508,0.2090277853475621,0.24950130260848713,0.5399987574809999,0.21292633933193894,0.2470749031870612,-0.0014721545629509114,0.003898553984376829,-0.0024263994214259177,0.2929238542939387,0.2919696094354637,9.0,0.33,-7.0,0.33999999999999986,1.67,4.0,5.0,0.0,2.6,1.0,3.4,2.4,3.558,18.0,-5.0,0.2,0.0,0.8,0.0,0
SAMPLE_0068,2026-03-03,SERIEA,2025-2026,Torino Bay,Lazio Harbor,history,0.5459221313604672,0.20828354409335093,0.2457943245461819,0.5546419696141257,0.2027841193253227,0.24257391106055146,0.008719838253658518,-0.005499424768028227,-0.003220413485630458,0.3120680585535742,0.3001278068142853,5.0,0.33,-6.0,0.33999999999999986,-0.1200000000000001,3.0,5.0,1.0,3.0,2.2,0.0,-2.2,0.24400000000000066,2.8000000000000007,0.0,0.0,0.0,1.0,0.0,1
SAMPLE_0069,2026-03-05,SERIEA,2025-2026,Torino Bay,Udina,history,0.5719580726156789,0.2015364074767845,0.2265055199075366,0.5703443472560789,0.1948860028268841,0.2347696499170371,-0.0016137253596000267,-0.00665040464990041,0.00826413000950052,0.33557469733904177,0.3454525527081423,4.0,0.41,-3.0,0.4099999999999999,-1.06,-3.0,5.0,0.0,2.6,1.0,3.8,2.8,4.082,19.2,-5.0,0.2,0.0,0.8,0.0,2
SAMPLE_0070,2026-03-09,SERIEA,2025-2026,Torino Bay,Udina,history,0.5603534299762323,0.2051998475969302,0.23444672242683748,0.5648532716007354,0.20256008715190307,0.23258664124736164,0.00449984162450312,-0.0026397604450271173,-0.0018600811794758365,0.3322666303533738,0.32590670754939477,4.0,0.41,-1.0,0.4099999999999999,-1.8099999999999998,0.0,5.0,1.0,-1.0,-0.6,-0.3999999999999999,0.20000000000000018,-0.41600000000000037,-0.8000000000000007,0.0,0.2,0.0,0.6,1.0,2
SAMPLE_0071,2026-03-11,SERIEA,2025-2026,Roma Nova,Torino Bay,history,0.41149790827718613,0.17535819181251905,0.4131438999102949,0.41404035396678895,0.1829814389281303,0.40297820710508075,0.0025424456896028236,0.0076232471156112425,-0.010165692805214122,0.0110621468617082,-0.0016459916331087454,7.0,-0.08,4.0,-0.08999999999999986,0.4600000000000004,5.0,2.0,5.0,0.6000000000000001,0.5,0.10000000000000009,-0.3999999999999999,-0.038000000000000256,-0.8999999999999986,24.0,0.5,0.2,0.5,0.4,1
SAMPLE_0072,2026-03-15,SERIEA,2025-2026,Roma Nova,Torino Bay,history,0.41869568621310577,0.17756204493854225,0.403742268848352,0.4199638163471185,0.17641337183288822,0.4036228118199933,0.0012681301340127238,-0.00114867310565403,-0.00011945702835869376,0.01634100452712517,0.014953417364753752,2.0,-0.08,0.0,-0.08999999999999986,0.8699999999999997,1.0,3.0,5.0,0.6666666666666667,0.5333333333333333,0.06666666666666643,-0.46666666666666634,0.09666666666666623,0.46666666666666856,0.0,0.6666666666666666,0.4,0.3333333333333333,0.2,1
SAMPLE_0073,2026-03-17,SERIEA,2025-2026,Roma Nova,Milano Blue,history,0.4668637463047568,0.19724088506673834,0.3358953686285049,0.464071395599323,0.1918756731804893,0.34405293122018776,-0.0027923507054338215,-0.005365211886249055,0.008157562591682876,0.12001846437913521,0.1309683776762519,10.0,0.08,1.0,0.08000000000000007,1.4299999999999997,0.0,4.0,2.0,1.5,1.75,0.25,-1.5,0.33499999999999996,-0.25,-24.0,0.75,0.0,0.25,0.0,0
SAMPLE_0074,2026-03-21,SERIEA,2025-2026,Roma Nova,Milano Blue,history,0.459582153814344,0.21087823107119072,0.3295396151144653,0.4406009509633174,0.20959761837323804,0.34980143066344455,-0.018981202851026557,-0.0012806126979526822,0.020261815548979267,0.09079952029987287,0.1300425386998787,6.0,0.08,7.0,0.08000000000000007,-0.40000000000000036,2.0,5.0,3.0,1.8,1.7333333333333334,0.3999999999999999,-1.333333333333333,0.54,-0.06666666666666643,0.0,0.6,0.0,0.4,0.0,2
SAMPLE_0075,2026-03-23,SERIEA,2025-2026,Roma Nova,Verona East,history,0.4861246662922934,0.2249392644466533,0.28893606926105325,0.5015448796556783,0.224638726586357,0.27381639375796485,0.015420213363384894,-0.00030053786029629603,-0.015119675503088403,0.22772848589771344,0.19718859703124014,2.0,0.2,2.0,0.19999999999999996,-2.12,-5.0,5.0,2.0,1.2,1.0,1.0,0.0,1.35,4.899999999999999,-24.0,0.6,0.0,0.2,0.0,2
SAMPLE_0076,2026-03-27,SERIEA,2025-2026,Roma Nova,Verona East,history,0.4999031161373284,0.2120171220208212,0.2880797618418503,0.49348277744277963,0.21647581297385968,0.2900414095833607,-0.006420338694548777,0.004458690953038469,0.0019616477415104194,0.2034413678594189,0.2118233542954781,3.0,0.2,3.0,0.19999999999999996,1.1400000000000001,0.0,5.0,3.0,0.0,0.1333333333333333,0.1333333333333333,0.0,0.12600000000000033,1.3999999999999986,0.0,0.4,0.0,0.2,0.3333333333333333,1
SAMPLE_0077,2026-03-29,SERIEA,2025-2026,Roma Nova,Lazio Harbor,history,0.5096161715361323,0.21597512071364267,0.2744087077502251,0.5258265968539427,0.20989785964951618,0.26427554349654114,0.016210425317810473,-0.006077261064126482,-0.010133164253683935,0.2615510533574016,0.23520746378590718,8.0,0.25,2.0,0.25,1.2000000000000002,0.0,5.0,2.0,0.5,0.3,-0.3999999999999999,-0.7000000000000002,0.006999999999999673,0.3000000000000007,-24.0,0.4,0.5,0.2,0.0,0
SAMPLE_0078,2026-04-02,SERIEA,2025-2026,Roma Nova,Lazio Harbor,history,0.5178663904712585,0.21146210944243052,0.2706715000863111,0.5238196494949141,0.2088980165320399,0.267282333973046,0.0059532590236556215,-0.002564092910390614,-0.003389166113265063,0.2565373155218681,0.2471948903849474,2.0,0.25,4.0,0.25,1.9199999999999995,5.0,5.0,3.0,1.0666666666666667,0.6666666666666666,0.20000000000000018,-0.4666666666666668,0.49400000000000066,0.46666666666666856,0.0,0.2,0.3333333333333333,0.4,0.0,0
SAMPLE_0079,2026-04-04,SERIEA,2025-2026,Roma Nova,Udina,history,0.5166649415174412,0.22885829624262496,0.25447676223993376,0.525987734995476,0.2219764753191917,0.2520357896853323,0.009322793478034774,-0.006881820923433257,-0.0024409725546014616,0.2739519453101437,0.2621881792775075,5.0,0.32,2.0,0.32000000000000006,0.6800000000000006,1.0,5.0,2.0,-1.6,-0.8,0.7000000000000002,1.5,0.5640000000000001,1.6000000000000014,-24.0,0.2,0.0,0.4,1.0,1
SAMPLE_0080,2026-04-08,SERIEA,2025-2026,Roma Nova,Udina,history,0.5223484327018438,0.2296933956300519,0.2479581716681042,0.5135338057423453,0.23817744383977552,0.24828875041787918,-0.008814626959498528,0.008484048209723621,0.00033057874977499013,0.26524505532446613,0.27439026103373965,10.0,0.32,-3.0,0.32000000000000006,1.0499999999999998,3.0,5.0,3.0,-0.7333333333333334,-0.2666666666666666,0.5999999999999996,0.8666666666666667,0.71,1.6666666666666679,0.0,0.4,0.3333333333333333,0.4,0.6666666666666666,0
SAMPLE_0081,2026-04-10,SERIEA,2025-2026,Milano Blue,Torino Bay,history,0.36904373296161347,0.19281498407544972,0.4381412829629368,0.3626034506943471,0.19918642165801656,0.4382101276476364,-0.006440282267266395,0.006371437582566836,6.884468469958716e-05,-0.07560667695328932,-0.06909755000132334,3.0,-0.17,-1.0,-0.16999999999999993,0.8599999999999994,1.0,4.0,5.0,0.15000000000000002,-0.35,0.25,0.6000000000000001,0.4364999999999992,0.6500000000000004,-6.0,0.0,0.6,0.25,0.0,0
SAMPLE_0082,2026-04-14,SERIEA,2025-2026,Milano Blue,Torino Bay,history,0.3730978286527198,0.20384982170340132,0.4230523496438789,0.37471783295711064,0.20842738901429644,0.4168547780285929,0.001620004304390854,0.00457756731089512,-0.006197571615286002,-0.042136945071482246,-0.0499545209911591,4.0,-0.17,2.0,-0.16999999999999993,1.8899999999999997,1.0,5.0,5.0,0.7999999999999999,0.19999999999999996,0.6000000000000001,0.40000000000000036,0.7460000000000004,1.4000000000000021,0.0,0.0,0.4,0.4,0.0,0
SAMPLE_0083,2026-04-16,SERIEA,2025-2026,Milano Blue,Roma Nova,history,0.39325660297722437,0.21194461128877776,0.39479878573399785,0.3895589756234546,0.20633420319038911,0.4041068211861562,-0.0036976273537697724,-0.005610408098388642,0.009308035452158359,-0.014547845562701611,-0.0015421827567734803,2.0,-0.08,0.0,-0.08000000000000007,-1.0100000000000007,-4.0,5.0,5.0,-0.40000000000000013,-0.8,0.7999999999999998,1.5999999999999996,0.79,0.7999999999999972,-6.0,0.0,0.4,0.6,0.6,2
SAMPLE_0084,2026-04-20,SERIEA,2025-2026,Milano Blue,Roma Nova,history,0.39380979970998437,0.21390090173721257,0.392289298552803,0.3961993637870671,0.21219045424579325,0.39161018196713965,0.0023895640770827398,-0.0017104474914193257,-0.0006791165856633308,0.004589181819927457,0.0015205011571813865,4.0,-0.08,1.0,-0.08000000000000007,-1.3900000000000001,0.0,5.0,5.0,-0.8,-0.8,0.7999999999999998,1.6,0.8860000000000001,0.3999999999999986,0.0,0.0,0.2,0.6,0.8,2
SAMPLE_0085,2026-04-22,SERIEA,2025-2026,Milano Blue,Verona East,history,0.456004076539645,0.22852140509959434,0.3154745183607607,0.4806938281001777,0.21184940522535797,0.3074567666744643,0.024689751560532713,-0.01667199987423637,-0.00801775168629637,0.17323706142571338,0.1405295581788843,7.0,0.12,0.0,0.11999999999999988,-1.75,-4.0,5.0,4.0,0.8,0.45,1.7000000000000002,1.25,1.6704999999999997,3.1499999999999986,-24.0,0.0,0.25,0.6,0.25,2
SAMPLE_0086,2026-04-26,SERIEA,2025-2026,Milano Blue,Verona East,history,0.4464941775175583,0.24123382102844382,0.31227200145399786,0.43367391277359124,0.24635935889955182,0.3199667283268569,-0.01282026474396708,0.005125537871108005,0.007694726872859048,0.11370718444673433,0.13422217606356046,8.0,0.12,7.0,0.11999999999999988,-1.21,1.0,5.0,5.0,-0.19999999999999996,-0.6000000000000001,1.2000000000000002,1.7999999999999998,1.322,2.599999999999998,0.0,0.0,0.2,0.4,0.4,2
SAMPLE_0087,2026-04-28,SERIEA,2025-2026,Milano Blue,Lazio Harbor,history,0.4768481772900275,0.23295564624489873,0.29019617646507384,0.4707056076591831,0.23376615571388643,0.29552823662693034,-0.006142569630844363,0.0008105094689876968,0.0053320601618565,0.17517737103225278,0.18665200082495365,7.0,0.17,-5.0,0.16999999999999993,1.37,4.0,5.0,4.0,0.35,0.19999999999999996,0.10000000000000009,-0.09999999999999964,0.34350000000000014,0.4499999999999993,-24.0,0.0,0.25,0.2,0.0,0
SAMPLE_0088,2026-05-02,SERIEA,2025-2026,Milano Blue,Lazio Harbor,history,0.46135755651585975,0.25322632801246436,0.28541611547167595,0.4786562675230667,0.24472651271856044,0.2766172197583729,0.01729871100720698,-0.008499815293903923,-0.008798895713303057,0.20203904776469384,0.1759414410441838,9.0,0.17,1.0,0.16999999999999993,1.1600000000000001,4.0,5.0,5.0,0.39999999999999997,0.19999999999999996,-0.40000000000000036,-0.6000000000000001,-0.22999999999999998,0.0,0.0,0.0,0.2,0.2,0.0,0
SAMPLE_0089,2026-05-04,SERIEA,2025-2026,Milano Blue,Udina,history,0.48194511314395755,0.2426576793452094,0.27539720751083296,0.4806913527963791,0.2442674007217031,0.2750412464819177,-0.0012537603475784587,0.0016097213764937057,-0.0003559610289152748,0.2056501063144614,0.20654790563312458,6.0,0.24,-2.0,0.24,0.47999999999999954,2.0,5.0,4.0,-0.55,-0.65,-0.04999999999999982,0.6000000000000001,0.06850000000000067,2.5,-24.0,0.0,0.25,0.4,0.5,0
SAMPLE_0090,2026-05-08,SERIEA,2025-2026,Milano Blue,Udina,history,0.481383708382361,0.2531108442108728,0.2655054474067661,0.48755417422615954,0.24914137509356316,0.2633044506802773,0.006170465843798545,-0.003969469117309665,-0.002200996726488824,0.22424972354588224,0.21587826097559487,4.0,0.24,5.0,0.24,-0.6900000000000004,-2.0,5.0,5.0,0.40000000000000013,0.0,0.20000000000000018,0.20000000000000018,0.27200000000000024,2.599999999999998,0.0,0.0,0.2,0.6,0.4,2
SAMPLE_0091,2026-05-10,SERIEA,2025-2026,Verona East,Torino Bay,history,0.33023047578185477,0.2083515991530878,0.4614179250650574,0.36098679149498103,0.2097726118954407,0.42924059660957825,0.03075631571312626,0.0014210127423529006,-0.03217732845547916,-0.06825380511459722,-0.13118744928320264,3.0,-0.29,-4.0,-0.2899999999999998,-0.6400000000000006,-2.0,5.0,5.0,1.6,1.2,-0.3999999999999999,-1.5999999999999996,-0.07000000000000028,-0.7999999999999972,-12.0,0.2,0.4,0.6,0.0,2
SAMPLE_0092,2026-05-14,SERIEA,2025-2026,Verona East,Torino Bay,history,0.31651102722034574,0.21458374726803103,0.4689052255116233,0.30609180672084085,0.2157279053604263,0.4781802879187329,-0.010419220499504889,0.0011441580923952643,0.009275062407109624,-0.17208848119789205,-0.15239419829127754,9.0,-0.29,3.0,-0.2899999999999998,-0.17999999999999972,-2.0,5.0,5.0,1.0,0.8,-0.5999999999999996,-1.4,-0.3700000000000001,-0.40000000000000213,0.0,0.2,0.4,0.6,0.2,1
SAMPLE_0093,2026-05-16,SERIEA,2025-2026,Verona East,Roma Nova,history,0.3524460333981988,0.21894374802009323,0.42861021858170795,0.3330747830100386,0.21585533147860872,0.45106988551135274,-0.019371250388160177,-0.0030884165414845066,0.022459666929644795,-0.11799510250131412,-0.07616418518350915,10.0,-0.2,-1.0,-0.19999999999999996,-1.2599999999999998,3.0,5.0,5.0,-1.0,-0.6,-0.6000000000000001,0.0,-0.6900000000000004,-1.5999999999999979,-24.0,0.4,0.2,0.4,0.8,2
SAMPLE_0094,2026-05-20,SERIEA,2025-2026,Verona East,Roma Nova,history,0.35135808621978565,0.22252678793919758,0.4261151258410167,0.3583138173302107,0.222122140154927,0.4195640425148622,0.0069557311104250785,-0.00040464778427057313,-0.006551083326154505,-0.06125022518465145,-0.07475703962123104,4.0,-0.2,-3.0,-0.19999999999999996,1.5300000000000002,4.0,5.0,5.0,-1.2000000000000002,-0.6000000000000001,-0.6000000000000005,0.0,-0.684000000000001,-0.3999999999999986,0.0,0.2,0.2,0.4,0.8,0
SAMPLE_0095,2026-05-22,SERIEA,2025-2026,Verona East,Milano Blue,history,0.3616558965788925,0.24678752247939315,0.3915565809417143,0.3640388370182377,0.24856889113593952,0.38739227184582276,0.0023829404393451714,0.0017813686565463782,-0.00416430909589155,-0.023353434827585062,-0.029900684362821783,6.0,-0.12,1.0,-0.11999999999999988,1.7999999999999998,2.0,5.0,5.0,-0.40000000000000013,-0.2,-0.39999999999999947,-0.1999999999999993,-0.2699999999999996,-2.0,-12.0,0.2,0.0,0.4,0.6,0
SAMPLE_0096,2026-05-26,SERIEA,2025-2026,Verona East,Milano Blue,history,0.3732026165795259,0.23630352591834466,0.3904938575021294,0.36711106605160443,0.23698484310843007,0.3959040908399656,-0.0060915505279214854,0.0006813171900854065,0.00541023333783619,-0.028793024788361155,-0.01729124092260348,2.0,-0.12,4.0,-0.11999999999999988,-0.7199999999999998,4.0,5.0,5.0,-0.40000000000000013,-0.2,-0.40000000000000036,-0.20000000000000018,-0.15200000000000014,-1.4000000000000021,0.0,0.2,0.0,0.4,0.6,1
SAMPLE_0097,2026-05-28,SERIEA,2025-2026,Verona East,Lazio Harbor,history,0.422938015970131,0.25887641783562176,0.3181855661942472,0.40832323564245276,0.25636496820083104,0.3353117961567162,-0.014614780327678212,-0.002511449634790719,0.017126229962468986,0.07301143948573657,0.10475244977588377,5.0,0.05,-6.0,0.050000000000000044,-0.5499999999999998,-1.0,5.0,5.0,1.4000000000000001,1.2,0.8000000000000003,-0.39999999999999947,0.826000000000001,2.1999999999999993,-24.0,0.4,0.2,0.4,0.0,2
SAMPLE_0098,2026-06-01,SERIEA,2025-2026,Verona East,Lazio Harbor,history,0.41944997663775935,0.25146386805801785,0.32908615530422275,0.42945796759280636,0.251132669010044,0.3194093633971497,0.010007990955047008,-0.00033119904797385136,-0.009676791907073046,0.11004860419565665,0.0903638213335366,4.0,0.05,3.0,0.050000000000000044,0.21999999999999975,-2.0,5.0,5.0,0.7999999999999999,0.8,0.3999999999999999,-0.40000000000000036,0.5460000000000003,1.5999999999999979,0.0,0.2,0.0,0.4,0.2,1
SAMPLE_0099,2026-06-03,SERIEA,2025-2026,Verona East,Udina,history,0.4335059760956176,0.27501992031872513,0.2914741035856574,0.42571046729034256,0.28031754813380483,0.2939719845758526,-0.00779550880527502,0.005297627815079697,0.0024978809901952115,0.13173848271448996,0.1420318725099602,2.0,0.12,-7.0,0.1200000000000001,0.0,-2.0,5.0,5.0,0.20000000000000018,0.2,0.20000000000000018,0.0,0.33000000000000096,1.4000000000000021,-24.0,0.4,0.2,0.4,0.4,1
SAMPLE_0100,2026-06-07,SERIEA,2025-2026,Verona East,Udina,history,0.4342076625269587,0.2661636580684733,0.29962867940456794,0.4332385124168863,0.26571962094902357,0.3010418666340901,-0.0009691501100723698,-0.0004440371194497361,0.0014131872295221615,0.13219664578279622,0.13457898312239075,5.0,0.12,-3.0,0.1200000000000001,0.6799999999999997,6.0,5.0,5.0,0.19999999999999996,0.2,-0.19999999999999973,-0.3999999999999999,-0.08400000000000007,-0.3999999999999986,0.0,0.6,0.4,0.2,0.2,0
SAMPLE_0101,2026-06-09,SERIEA,2025-2026,Lazio Harbor,Torino Bay,history,0.31240360216926216,0.20697547141648837,0.48062092641424947,0.3129509531429855,0.21394948388968435,0.4730995629673302,0.0005473509737233262,0.006974012473195984,-0.0075213634469192825,-0.1601486098243447,-0.1682173242449873,2.0,-0.33,7.0,-0.33999999999999986,1.3099999999999998,5.0,5.0,5.0,-0.19999999999999996,-0.39999999999999997,-1.0,-0.5999999999999996,-1.1700000000000004,-1.8000000000000007,-18.0,0.2,0.4,0.2,0.2,0
SAMPLE_0102,2026-06-13,SERIEA,2025-2026,Lazio Harbor,Torino Bay,history,0.3014332173533847,0.2194017154386407,0.4791650672079747,0.30292031017983834,0.22306550074245177,0.4740141890777099,0.001487092826453651,0.0036637853038110624,-0.005150878130264769,-0.1710938788978716,-0.17773184985459,2.0,-0.33,6.0,-0.33999999999999986,0.9799999999999995,-1.0,5.0,5.0,0.5999999999999999,0.4,-0.7999999999999998,-1.2000000000000002,-0.9000000000000004,-1.1999999999999993,0.0,0.2,0.2,0.4,0.2,0
SAMPLE_0103,2026-06-15,SERIEA,2025-2026,Lazio Harbor,Roma Nova,history,0.32385535900104057,0.24250780437044747,0.43363683662851205,0.31906798208693893,0.2439476076635577,0.4369844102495034,-0.004787376914101638,0.00143980329311022,0.003347573620991362,-0.11791642816256448,-0.10978147762747148,3.0,-0.25,-6.0,-0.25,-0.26000000000000023,-2.0,5.0,5.0,-0.3999999999999999,-0.19999999999999996,0.39999999999999947,0.6000000000000001,0.11399999999999988,0.8000000000000007,-24.0,0.2,0.0,0.6,0.8,2
SAMPLE_0104,2026-06-19,SERIEA,2025-2026,Lazio Harbor,Roma Nova,history,0.328810508525811,0.2375616592698443,0.4336278322043446,0.3355446306935971,0.23129775513830478,0.433157614168098,0.006734122167786072,-0.006263904131539516,-0.00047021803624658354,-0.09761298347450093,-0.10481732367853358,6.0,-0.25,-2.0,-0.25,-0.41999999999999993,-2.0,5.0,5.0,-0.3999999999999999,-0.19999999999999996,-0.5999999999999996,-0.3999999999999999,-0.676000000000001,-1.6000000000000014,0.0,0.2,0.0,0.6,0.8,2
SAMPLE_0105,2026-06-21,SERIEA,2025-2026,Lazio Harbor,Milano Blue,history,0.35143758090300425,0.2471179096860541,0.40144450941094173,0.34741151368513473,0.2465774402009127,0.40601104611395256,-0.004026067217869522,-0.0005404694851413872,0.004566536703010826,-0.058599532428817824,-0.050006928507937476,8.0,-0.17,1.0,-0.16999999999999993,3.8800000000000003,9.0,5.0,5.0,0.0,0.0,-1.2000000000000002,-1.2000000000000002,-0.9860000000000007,-3.599999999999998,-24.0,0.2,0.2,0.4,0.4,0
SAMPLE_0106,2026-06-25,SERIEA,2025-2026,Lazio Harbor,Milano Blue,history,0.3525986773780729,0.24120764628238717,0.40619367633953996,0.3597939127945807,0.24043507298921857,0.3997710142162007,0.007195235416507795,-0.0007725732931685991,-0.006422662123339251,-0.03997710142162003,-0.05359499896146708,7.0,-0.17,-3.0,-0.16999999999999993,0.16999999999999993,-2.0,5.0,5.0,1.0,1.8,0.0,-1.7999999999999998,0.3019999999999996,-0.40000000000000213,0.0,0.0,0.2,0.6,0.2,1
SAMPLE_0107,2026-06-27,SERIEA,2025-2026,Lazio Harbor,Verona East,history,0.38598304106008574,0.27049205239643803,0.3435249065434763,0.39083100826084577,0.2723343727775042,0.33683461896165,0.004847967200760028,0.001842320381066187,-0.006690287581826271,0.05399638929919576,0.04245813451660946,6.0,-0.05,6.0,-0.050000000000000044,-2.63,-3.0,5.0,5.0,0.19999999999999996,0.6,1.1999999999999997,0.6000000000000001,1.4,1.4000000000000021,-18.0,0.2,0.6,0.4,0.2,2
SAMPLE_0108,2026-07-01,SERIEA,2025-2026,Lazio Harbor,Verona East,history,0.37521635528310193,0.26525577815643453,0.3595278665604635,0.38490980140249453,0.26181681922809275,0.3532733793694128,0.009693446119392601,-0.0034389589283417843,-0.006254487191050706,0.03163642203308176,0.01568848872263845,6.0,-0.05,-2.0,-0.050000000000000044,-1.2800000000000002,2.0,5.0,5.0,-0.8,-0.8,0.0,0.7999999999999998,0.12799999999999967,0.5999999999999996,0.0,0.2,0.4,0.2,0.4,2
SAMPLE_0109,2026-07-03,SERIEA,2025-2026,Lazio Harbor,Udina,history,0.4074019659763769,0.28643667635874115,0.306161357664882,0.40308307165286894,0.2946046246074793,0.30231230373965173,-0.00431889432350796,0.008167948248738177,-0.0038490539252302725,0.10077076791321721,0.1012406083114949,6.0,0.07,-3.0,0.07000000000000006,-0.9200000000000004,-1.0,5.0,5.0,0.0,0.2,0.0,-0.20000000000000018,0.002000000000000224,0.5999999999999996,-24.0,0.2,0.2,0.2,0.2,2
SAMPLE_0110,2026-07-07,SERIEA,2025-2026,Lazio Harbor,Udina,history,0.42802840134834685,0.27770207272466474,0.29426952592698846,0.42377776916217574,0.2757918815182414,0.30043034931958285,-0.0042506321861711105,-0.0019101912064233284,0.006160823392594383,0.1233474198425929,0.1337588754213584,8.0,0.07,3.0,0.07000000000000006,0.1499999999999999,1.0,5.0,5.0,-0.5999999999999999,-0.2,-0.6000000000000001,-0.3999999999999999,-0.6920000000000002,-0.3999999999999986,0.0,0.2,0.2,0.2,0.4,1
SAMPLE_0111,2026-07-09,SERIEA,2025-2026,Udina,Torino Bay,history,0.2767930188164712,0.22143441505317701,0.5017725661303518,0.28032426698992347,0.22350178043791194,0.49617395257216457,0.0035312481734522394,0.002067365384734926,-0.005598613558187249,-0.2158496855822411,-0.2249795473138806,9.0,-0.41,3.0,-0.4099999999999999,-0.3799999999999999,0.0,5.0,5.0,0.8,0.6000000000000001,-1.6000000000000005,-2.1999999999999997,-1.4120000000000004,-3.400000000000002,-24.0,0.4,0.2,0.4,0.2,1
SAMPLE_0112,2026-07-13,SERIEA,2025-2026,Udina,Torino Bay,history,0.28759351546796397,0.22017912151955946,0.49222736301247666,0.2795180722891566,0.21927710843373496,0.5012048192771085,-0.008075443178807373,-0.0009020130858244935,0.008977456264631811,-0.22168674698795188,-0.2046338475445127,5.0,-0.41,-6.0,-0.4099999999999999,0.08000000000000007,1.0,5.0,5.0,0.19999999999999996,0.2,-1.4,-1.5999999999999996,-1.2520000000000007,-3.200000000000001,0.0,0.6,0.4,0.2,0.2,1
SAMPLE_0113,2026-07-15,SERIEA,2025-2026,Udina,Roma Nova,history,0.30576789437109103,0.231410701876303,0.462821403752606,0.3040273756251646,0.22111081863648333,0.47486180573835224,-0.001740518745926456,-0.010299883239819674,0.01204040198574624,-0.17083443011318766,-0.15705350938151497,5.0,-0.32,6.0,-0.32000000000000006,-1.0299999999999994,-3.0,5.0,5.0,-1.2,-0.6,-1.8000000000000003,-1.2000000000000002,-1.6319999999999997,-2.9999999999999982,-24.0,0.6,0.0,0.2,0.8,2
SAMPLE_0114,2026-07-19,SERIEA,2025-2026,Udina,Roma Nova,history,0.30493297947606496,0.23559787045366506,0.45946915007026984,0.3033034253922485,0.2262954287447734,0.47040114586297804,-0.0016295540838164313,-0.009302441708891662,0.010931995792708205,-0.16709772047072952,-0.15453617059420488,6.0,-0.32,-1.0,-0.32000000000000006,1.2899999999999996,3.0,5.0,5.0,-1.2,-0.6,-1.5999999999999996,-1.0,-1.544,-2.599999999999998,0.0,0.6,0.0,0.2,0.8,0
SAMPLE_0115,2026-07-21,SERIEA,2025-2026,Udina,Milano Blue,history,0.32884008352362865,0.26043475286583123,0.41072516361054023,0.32102085948239795,0.26139103062179986,0.4175881098958022,-0.007819224041230699,0.0009562777559686264,0.006862946285261962,-0.09656725041340425,-0.08188508008691159,5.0,-0.24,-4.0,-0.24,-1.1500000000000004,2.0,5.0,5.0,0.7999999999999999,1.2,0.0,-1.2000000000000002,0.15199999999999925,0.8000000000000007,-24.0,0.6,0.4,0.2,0.0,2
SAMPLE_0116,2026-07-25,SERIEA,2025-2026,Udina,Milano Blue,history,0.32564516455832987,0.26001769517029916,0.414337140271371,0.32895163647224696,0.2643213401376493,0.40672702339010375,0.003306471913917086,0.00430364496735014,-0.007610116881267226,-0.07777538691785679,-0.0886919757130411,4.0,-0.24,-7.0,-0.24,-1.29,0.0,5.0,5.0,0.0,0.6000000000000001,0.0,-0.5999999999999996,0.15600000000000014,1.6000000000000014,0.0,0.4,0.4,0.2,0.2,2
SAMPLE_0117,2026-07-27,SERIEA,2025-2026,Udina,Verona East,history,0.3535297048326911,0.28301694949720896,0.36345334567009996,0.3432671277938797,0.2885008623908676,0.3682320098152528,-0.010262577038811393,0.005483912893658627,0.004778664145152822,-0.02496488202137309,-0.009923640837408876,9.0,-0.12,-3.0,-0.1200000000000001,0.10000000000000009,2.0,5.0,5.0,-1.4000000000000001,-1.4,0.20000000000000018,1.6,0.1840000000000006,2.599999999999998,-24.0,0.2,0.4,0.2,0.6,1
SAMPLE_0118,2026-07-31,SERIEA,2025-2026,Udina,Verona East,history,0.3451414700750967,0.2869604794052947,0.36789805051960855,0.3407944479551224,0.284974667686611,0.37423088435826657,-0.0043470221199742864,-0.001985811718683672,0.006332833838658014,-0.03343643640314414,-0.022756580444511842,5.0,-0.12,-2.0,-0.1200000000000001,-0.08000000000000007,0.0,5.0,5.0,-1.4000000000000001,-1.4,1.0,2.4,0.8979999999999997,3.8000000000000007,0.0,0.2,0.4,0.2,0.6,1
SAMPLE_0119,2026-08-02,SERIEA,2025-2026,Udina,Lazio Harbor,history,0.36857206539467124,0.2831209999540072,0.3483069346513216,0.3611467376396539,0.280323530065907,0.358529732294439,-0.0074253277550173635,-0.0027974698881002014,0.010222797643117398,0.0026170053452148623,0.020265130743349624,7.0,-0.07,3.0,-0.07000000000000006,-0.73,0.0,5.0,5.0,0.6,0.8,0.3999999999999999,-0.40000000000000036,0.33000000000000007,1.5999999999999979,-24.0,0.4,0.4,0.2,0.0,2
SAMPLE_0120,2026-08-06,SERIEA,2025-2026,Udina,Lazio Harbor,history,0.37231540993886186,0.27104561843549146,0.3566389716256467,0.3806058959963119,0.26693160172541336,0.35246250227827475,0.00829048605745003,-0.0041140167100781055,-0.004176469347371925,0.028143393718037146,0.01567643831321519,9.0,-0.07,1.0,-0.07000000000000006,1.5399999999999998,2.0,5.0,5.0,-0.4,0.20000000000000007,-0.20000000000000018,-0.3999999999999999,-0.3280000000000003,0.0,0.0,0.4,0.2,0.0,0.2,0
